source,target
/projects/cave-du-verseau,/portfolio
/projects/arolla-pine,/portfolio
/projects/red-8,/portfolio
/projects/urbain,/portfolio
/projects/trient,/portfolio
/projects/touno,/portfolio
/projects/tlh,/portfolio
/projects/south-africa-namibia,/portfolio
/projects/sierretakeuil,/portfolio
/projects/sapa-vietnam,/portfolio
/projects/rocklands-bouldering,/portfolio
/projects/quatreaplus,/portfolio
/projects/portraits,/portfolio
/projects/perversion,/portfolio
/projects/otjandjupa,/portfolio
/projects/mindsquare-ci-launch,/portfolio
/projects/intifada-al-aqsa,/portfolio
/projects/cherrycherry-ug,/portfolio
/projects/code-of-silence,/portfolio
/projects/couronnes-de-breona,/portfolio
/projects/dahab,/portfolio
/projects/eagle-cup,/portfolio
/projects/ease-gmbh,/portfolio
/projects/eternal-return,/portfolio
/projects/fureur,/portfolio
/projects/genesis-behind-the-scenes,/portfolio
/projects/gulf-of-aqaba-diving,/portfolio
/projects/haute-route-chamonix-zermatt,/portfolio
/projects/helge,/portfolio
/projects/maison-noee,/portfolio
/projects/exodus,/portfolio
/de/impressum,/de/imprint
/de/kontakt,/de/contact
/de/projekte,/de/portfolio
/fr/projects,/fr/portfolio
/fr/mentions-legales,/fr/privacy-policy
/de/datenschutzerklarung,/de/privacy-policy
/fr/projets,/fr/portfolio
/fr/politique-de-confidentialite,/fr/privacy-policy
/services/seo-aeo-cro,/services/seo
/de/services/seo-aeo-cro,/de/services/seo-aeo
/fr/services/seo-aeo-cro,/fr/services/seo-aeo
/de/services/seo-aeo,/de/services/seo
/fr/services/seo-aeo,/fr/services/seo
